year,sex,qimd,agegroup,deaths
2002,1,5,0,672
2002,1,4,0,392
2002,1,3,0,272
2002,1,2,0,220
2002,1,1,0,181
2003,1,5,0,707
2003,1,4,0,376
2003,1,3,0,255
2003,1,2,0,197
2003,1,1,0,200
2004,1,5,0,649
2004,1,4,0,378
2004,1,3,0,287
2004,1,2,0,220
2004,1,1,0,165
2005,1,5,0,678
2005,1,4,0,381
2005,1,3,0,311
2005,1,2,0,225
2005,1,1,0,179
2006,1,5,0,691
2006,1,4,0,385
2006,1,3,0,265
2006,1,2,0,232
2006,1,1,0,189
2007,1,5,0,665
2007,1,4,0,423
2007,1,3,0,280
2007,1,2,0,213
2007,1,1,0,170
2008,1,5,0,706
2008,1,4,0,420
2008,1,3,0,263
2008,1,2,0,222
2008,1,1,0,199
2009,1,5,0,604
2009,1,4,0,428
2009,1,3,0,288
2009,1,2,0,223
2009,1,1,0,198
2010,1,5,0,571
2010,1,4,0,412
2010,1,3,0,269
2010,1,2,0,212
2010,1,1,0,160
2011,1,5,0,643
2011,1,4,0,420
2011,1,3,0,311
2011,1,2,0,208
2011,1,1,0,162
2012,1,5,0,612
2012,1,4,0,375
2012,1,3,0,280
2012,1,2,0,188
2012,1,1,0,176
2013,1,5,0,536
2013,1,4,0,356
2013,1,3,0,238
2013,1,2,0,215
2013,1,1,0,158
2002,2,5,0,485
2002,2,4,0,279
2002,2,3,0,217
2002,2,2,0,149
2002,2,1,0,135
2003,2,5,0,572
2003,2,4,0,304
2003,2,3,0,215
2003,2,2,0,176
2003,2,1,0,143
2004,2,5,0,505
2004,2,4,0,310
2004,2,3,0,244
2004,2,2,0,162
2004,2,1,0,148
2005,2,5,0,497
2005,2,4,0,311
2005,2,3,0,200
2005,2,2,0,152
2005,2,1,0,144
2006,2,5,0,548
2006,2,4,0,309
2006,2,3,0,215
2006,2,2,0,212
2006,2,1,0,146
2007,2,5,0,493
2007,2,4,0,311
2007,2,3,0,238
2007,2,2,0,179
2007,2,1,0,155
2008,2,5,0,531
2008,2,4,0,330
2008,2,3,0,212
2008,2,2,0,155
2008,2,1,0,146
2009,2,5,0,487
2009,2,4,0,331
2009,2,3,0,236
2009,2,2,0,154
2009,2,1,0,161
2010,2,5,0,492
2010,2,4,0,316
2010,2,3,0,223
2010,2,2,0,176
2010,2,1,0,135
2011,2,5,0,438
2011,2,4,0,312
2011,2,3,0,222
2011,2,2,0,144
2011,2,1,0,126
2012,2,5,0,432
2012,2,4,0,281
2012,2,3,0,201
2012,2,2,0,172
2012,2,1,0,153
2013,2,5,0,397
2013,2,4,0,266
2013,2,3,0,187
2013,2,2,0,126
2013,2,1,0,132
2002,1,5,01-04,101
2002,1,4,01-04,45
2002,1,3,01-04,61
2002,1,2,01-04,46
2002,1,1,01-04,50
2003,1,5,01-04,124
2003,1,4,01-04,52
2003,1,3,01-04,37
2003,1,2,01-04,29
2003,1,1,01-04,44
2004,1,5,01-04,104
2004,1,4,01-04,59
2004,1,3,01-04,51
2004,1,2,01-04,40
2004,1,1,01-04,36
2005,1,5,01-04,91
2005,1,4,01-04,67
2005,1,3,01-04,41
2005,1,2,01-04,35
2005,1,1,01-04,41
2006,1,5,01-04,99
2006,1,4,01-04,61
2006,1,3,01-04,38
2006,1,2,01-04,37
2006,1,1,01-04,39
2007,1,5,01-04,105
2007,1,4,01-04,87
2007,1,3,01-04,59
2007,1,2,01-04,30
2007,1,1,01-04,40
2008,1,5,01-04,92
2008,1,4,01-04,62
2008,1,3,01-04,44
2008,1,2,01-04,36
2008,1,1,01-04,30
2009,1,5,01-04,79
2009,1,4,01-04,44
2009,1,3,01-04,41
2009,1,2,01-04,30
2009,1,1,01-04,32
2010,1,5,01-04,88
2010,1,4,01-04,61
2010,1,3,01-04,44
2010,1,2,01-04,44
2010,1,1,01-04,28
2011,1,5,01-04,95
2011,1,4,01-04,42
2011,1,3,01-04,58
2011,1,2,01-04,37
2011,1,1,01-04,25
2012,1,5,01-04,79
2012,1,4,01-04,51
2012,1,3,01-04,55
2012,1,2,01-04,27
2012,1,1,01-04,39
2013,1,5,01-04,75
2013,1,4,01-04,67
2013,1,3,01-04,38
2013,1,2,01-04,38
2013,1,1,01-04,31
2002,2,5,01-04,68
2002,2,4,01-04,53
2002,2,3,01-04,44
2002,2,2,01-04,29
2002,2,1,01-04,31
2003,2,5,01-04,101
2003,2,4,01-04,52
2003,2,3,01-04,36
2003,2,2,01-04,34
2003,2,1,01-04,37
2004,2,5,01-04,79
2004,2,4,01-04,41
2004,2,3,01-04,30
2004,2,2,01-04,46
2004,2,1,01-04,36
2005,2,5,01-04,78
2005,2,4,01-04,34
2005,2,3,01-04,46
2005,2,2,01-04,29
2005,2,1,01-04,21
2006,2,5,01-04,84
2006,2,4,01-04,63
2006,2,3,01-04,33
2006,2,2,01-04,30
2006,2,1,01-04,40
2007,2,5,01-04,81
2007,2,4,01-04,39
2007,2,3,01-04,35
2007,2,2,01-04,33
2007,2,1,01-04,29
2008,2,5,01-04,80
2008,2,4,01-04,56
2008,2,3,01-04,50
2008,2,2,01-04,33
2008,2,1,01-04,32
2009,2,5,01-04,70
2009,2,4,01-04,49
2009,2,3,01-04,36
2009,2,2,01-04,41
2009,2,1,01-04,28
2010,2,5,01-04,74
2010,2,4,01-04,48
2010,2,3,01-04,41
2010,2,2,01-04,22
2010,2,1,01-04,30
2011,2,5,01-04,72
2011,2,4,01-04,44
2011,2,3,01-04,43
2011,2,2,01-04,34
2011,2,1,01-04,22
2012,2,5,01-04,69
2012,2,4,01-04,48
2012,2,3,01-04,28
2012,2,2,01-04,22
2012,2,1,01-04,22
2013,2,5,01-04,71
2013,2,4,01-04,53
2013,2,3,01-04,31
2013,2,2,01-04,31
2013,2,1,01-04,26
2002,1,5,05-09,54
2002,1,4,05-09,40
2002,1,3,05-09,38
2002,1,2,05-09,28
2002,1,1,05-09,28
2003,1,5,05-09,51
2003,1,4,05-09,46
2003,1,3,05-09,38
2003,1,2,05-09,32
2003,1,1,05-09,24
2004,1,5,05-09,42
2004,1,4,05-09,31
2004,1,3,05-09,22
2004,1,2,05-09,36
2004,1,1,05-09,28
2005,1,5,05-09,49
2005,1,4,05-09,29
2005,1,3,05-09,30
2005,1,2,05-09,24
2005,1,1,05-09,26
2006,1,5,05-09,56
2006,1,4,05-09,31
2006,1,3,05-09,26
2006,1,2,05-09,38
2006,1,1,05-09,22
2007,1,5,05-09,65
2007,1,4,05-09,34
2007,1,3,05-09,24
2007,1,2,05-09,25
2007,1,1,05-09,21
2008,1,5,05-09,53
2008,1,4,05-09,41
2008,1,3,05-09,14
2008,1,2,05-09,22
2008,1,1,05-09,33
2009,1,5,05-09,51
2009,1,4,05-09,33
2009,1,3,05-09,19
2009,1,2,05-09,21
2009,1,1,05-09,17
2010,1,5,05-09,47
2010,1,4,05-09,28
2010,1,3,05-09,30
2010,1,2,05-09,19
2010,1,1,05-09,15
2011,1,5,05-09,47
2011,1,4,05-09,40
2011,1,3,05-09,24
2011,1,2,05-09,22
2011,1,1,05-09,15
2012,1,5,05-09,36
2012,1,4,05-09,36
2012,1,3,05-09,27
2012,1,2,05-09,24
2012,1,1,05-09,19
2013,1,5,05-09,40
2013,1,4,05-09,30
2013,1,3,05-09,25
2013,1,2,05-09,18
2013,1,1,05-09,20
2002,2,5,05-09,52
2002,2,4,05-09,31
2002,2,3,05-09,26
2002,2,2,05-09,19
2002,2,1,05-09,19
2003,2,5,05-09,41
2003,2,4,05-09,30
2003,2,3,05-09,36
2003,2,2,05-09,12
2003,2,1,05-09,29
2004,2,5,05-09,39
2004,2,4,05-09,25
2004,2,3,05-09,25
2004,2,2,05-09,20
2004,2,1,05-09,21
2005,2,5,05-09,41
2005,2,4,05-09,23
2005,2,3,05-09,15
2005,2,2,05-09,21
2005,2,1,05-09,25
2006,2,5,05-09,35
2006,2,4,05-09,34
2006,2,3,05-09,16
2006,2,2,05-09,24
2006,2,1,05-09,14
2007,2,5,05-09,33
2007,2,4,05-09,27
2007,2,3,05-09,25
2007,2,2,05-09,10
2007,2,1,05-09,18
2008,2,5,05-09,45
2008,2,4,05-09,30
2008,2,3,05-09,25
2008,2,2,05-09,10
2008,2,1,05-09,18
2009,2,5,05-09,34
2009,2,4,05-09,34
2009,2,3,05-09,23
2009,2,2,05-09,18
2009,2,1,05-09,17
2010,2,5,05-09,38
2010,2,4,05-09,31
2010,2,3,05-09,19
2010,2,2,05-09,21
2010,2,1,05-09,19
2011,2,5,05-09,33
2011,2,4,05-09,13
2011,2,3,05-09,14
2011,2,2,05-09,19
2011,2,1,05-09,12
2012,2,5,05-09,30
2012,2,4,05-09,23
2012,2,3,05-09,28
2012,2,2,05-09,20
2012,2,1,05-09,18
2013,2,5,05-09,35
2013,2,4,05-09,14
2013,2,3,05-09,25
2013,2,2,05-09,19
2013,2,1,05-09,23
2002,1,5,10-14,70
2002,1,4,10-14,61
2002,1,3,10-14,53
2002,1,2,10-14,43
2002,1,1,10-14,41
2003,1,5,10-14,61
2003,1,4,10-14,37
2003,1,3,10-14,60
2003,1,2,10-14,42
2003,1,1,10-14,42
2004,1,5,10-14,82
2004,1,4,10-14,49
2004,1,3,10-14,51
2004,1,2,10-14,29
2004,1,1,10-14,27
2005,1,5,10-14,85
2005,1,4,10-14,51
2005,1,3,10-14,34
2005,1,2,10-14,37
2005,1,1,10-14,47
2006,1,5,10-14,68
2006,1,4,10-14,47
2006,1,3,10-14,48
2006,1,2,10-14,38
2006,1,1,10-14,43
2007,1,5,10-14,66
2007,1,4,10-14,43
2007,1,3,10-14,36
2007,1,2,10-14,31
2007,1,1,10-14,29
2008,1,5,10-14,61
2008,1,4,10-14,33
2008,1,3,10-14,26
2008,1,2,10-14,39
2008,1,1,10-14,20
2009,1,5,10-14,41
2009,1,4,10-14,43
2009,1,3,10-14,44
2009,1,2,10-14,19
2009,1,1,10-14,34
2010,1,5,10-14,45
2010,1,4,10-14,19
2010,1,3,10-14,37
2010,1,2,10-14,38
2010,1,1,10-14,24
2011,1,5,10-14,46
2011,1,4,10-14,27
2011,1,3,10-14,22
2011,1,2,10-14,31
2011,1,1,10-14,23
2012,1,5,10-14,46
2012,1,4,10-14,28
2012,1,3,10-14,27
2012,1,2,10-14,33
2012,1,1,10-14,27
2013,1,5,10-14,35
2013,1,4,10-14,30
2013,1,3,10-14,22
2013,1,2,10-14,26
2013,1,1,10-14,34
2002,2,5,10-14,51
2002,2,4,10-14,33
2002,2,3,10-14,37
2002,2,2,10-14,42
2002,2,1,10-14,28
2003,2,5,10-14,41
2003,2,4,10-14,36
2003,2,3,10-14,46
2003,2,2,10-14,38
2003,2,1,10-14,34
2004,2,5,10-14,59
2004,2,4,10-14,31
2004,2,3,10-14,28
2004,2,2,10-14,26
2004,2,1,10-14,23
2005,2,5,10-14,47
2005,2,4,10-14,42
2005,2,3,10-14,32
2005,2,2,10-14,27
2005,2,1,10-14,23
2006,2,5,10-14,50
2006,2,4,10-14,34
2006,2,3,10-14,28
2006,2,2,10-14,20
2006,2,1,10-14,19
2007,2,5,10-14,51
2007,2,4,10-14,31
2007,2,3,10-14,27
2007,2,2,10-14,33
2007,2,1,10-14,31
2008,2,5,10-14,30
2008,2,4,10-14,26
2008,2,3,10-14,27
2008,2,2,10-14,18
2008,2,1,10-14,23
2009,2,5,10-14,42
2009,2,4,10-14,29
2009,2,3,10-14,31
2009,2,2,10-14,33
2009,2,1,10-14,14
2010,2,5,10-14,42
2010,2,4,10-14,29
2010,2,3,10-14,26
2010,2,2,10-14,15
2010,2,1,10-14,27
2011,2,5,10-14,20
2011,2,4,10-14,23
2011,2,3,10-14,29
2011,2,2,10-14,24
2011,2,1,10-14,15
2012,2,5,10-14,33
2012,2,4,10-14,32
2012,2,3,10-14,16
2012,2,2,10-14,16
2012,2,1,10-14,22
2013,2,5,10-14,34
2013,2,4,10-14,25
2013,2,3,10-14,23
2013,2,2,10-14,17
2013,2,1,10-14,20
2002,1,5,15-19,229
2002,1,4,15-19,171
2002,1,3,15-19,179
2002,1,2,15-19,146
2002,1,1,15-19,124
2003,1,5,15-19,217
2003,1,4,15-19,167
2003,1,3,15-19,142
2003,1,2,15-19,141
2003,1,1,15-19,118
2004,1,5,15-19,218
2004,1,4,15-19,153
2004,1,3,15-19,142
2004,1,2,15-19,137
2004,1,1,15-19,113
2005,1,5,15-19,210
2005,1,4,15-19,157
2005,1,3,15-19,137
2005,1,2,15-19,151
2005,1,1,15-19,125
2006,1,5,15-19,229
2006,1,4,15-19,167
2006,1,3,15-19,126
2006,1,2,15-19,137
2006,1,1,15-19,112
2007,1,5,15-19,189
2007,1,4,15-19,155
2007,1,3,15-19,159
2007,1,2,15-19,122
2007,1,1,15-19,106
2008,1,5,15-19,211
2008,1,4,15-19,149
2008,1,3,15-19,132
2008,1,2,15-19,129
2008,1,1,15-19,108
2009,1,5,15-19,180
2009,1,4,15-19,161
2009,1,3,15-19,129
2009,1,2,15-19,123
2009,1,1,15-19,118
2010,1,5,15-19,144
2010,1,4,15-19,120
2010,1,3,15-19,120
2010,1,2,15-19,86
2010,1,1,15-19,80
2011,1,5,15-19,129
2011,1,4,15-19,92
2011,1,3,15-19,88
2011,1,2,15-19,103
2011,1,1,15-19,89
2012,1,5,15-19,146
2012,1,4,15-19,102
2012,1,3,15-19,89
2012,1,2,15-19,107
2012,1,1,15-19,80
2013,1,5,15-19,140
2013,1,4,15-19,105
2013,1,3,15-19,87
2013,1,2,15-19,83
2013,1,1,15-19,84
2002,2,5,15-19,94
2002,2,4,15-19,83
2002,2,3,15-19,62
2002,2,2,15-19,70
2002,2,1,15-19,55
2003,2,5,15-19,94
2003,2,4,15-19,63
2003,2,3,15-19,65
2003,2,2,15-19,67
2003,2,1,15-19,57
2004,2,5,15-19,101
2004,2,4,15-19,90
2004,2,3,15-19,60
2004,2,2,15-19,66
2004,2,1,15-19,55
2005,2,5,15-19,98
2005,2,4,15-19,79
2005,2,3,15-19,73
2005,2,2,15-19,50
2005,2,1,15-19,51
2006,2,5,15-19,86
2006,2,4,15-19,80
2006,2,3,15-19,75
2006,2,2,15-19,66
2006,2,1,15-19,52
2007,2,5,15-19,81
2007,2,4,15-19,54
2007,2,3,15-19,53
2007,2,2,15-19,71
2007,2,1,15-19,65
2008,2,5,15-19,87
2008,2,4,15-19,72
2008,2,3,15-19,57
2008,2,2,15-19,57
2008,2,1,15-19,50
2009,2,5,15-19,87
2009,2,4,15-19,76
2009,2,3,15-19,49
2009,2,2,15-19,60
2009,2,1,15-19,38
2010,2,5,15-19,79
2010,2,4,15-19,70
2010,2,3,15-19,60
2010,2,2,15-19,57
2010,2,1,15-19,49
2011,2,5,15-19,58
2011,2,4,15-19,63
2011,2,3,15-19,44
2011,2,2,15-19,43
2011,2,1,15-19,34
2012,2,5,15-19,62
2012,2,4,15-19,49
2012,2,3,15-19,43
2012,2,2,15-19,38
2012,2,1,15-19,36
2013,2,5,15-19,49
2013,2,4,15-19,58
2013,2,3,15-19,43
2013,2,2,15-19,38
2013,2,1,15-19,35
2002,1,5,20-24,376
2002,1,4,20-24,267
2002,1,3,20-24,211
2002,1,2,20-24,191
2002,1,1,20-24,159
2003,1,5,20-24,359
2003,1,4,20-24,279
2003,1,3,20-24,234
2003,1,2,20-24,179
2003,1,1,20-24,171
2004,1,5,20-24,362
2004,1,4,20-24,283
2004,1,3,20-24,207
2004,1,2,20-24,165
2004,1,1,20-24,158
2005,1,5,20-24,372
2005,1,4,20-24,235
2005,1,3,20-24,198
2005,1,2,20-24,153
2005,1,1,20-24,160
2006,1,5,20-24,380
2006,1,4,20-24,260
2006,1,3,20-24,210
2006,1,2,20-24,150
2006,1,1,20-24,112
2007,1,5,20-24,351
2007,1,4,20-24,258
2007,1,3,20-24,221
2007,1,2,20-24,167
2007,1,1,20-24,137
2008,1,5,20-24,358
2008,1,4,20-24,250
2008,1,3,20-24,220
2008,1,2,20-24,179
2008,1,1,20-24,147
2009,1,5,20-24,343
2009,1,4,20-24,237
2009,1,3,20-24,172
2009,1,2,20-24,153
2009,1,1,20-24,136
2010,1,5,20-24,287
2010,1,4,20-24,252
2010,1,3,20-24,196
2010,1,2,20-24,138
2010,1,1,20-24,130
2011,1,5,20-24,301
2011,1,4,20-24,213
2011,1,3,20-24,147
2011,1,2,20-24,117
2011,1,1,20-24,105
2012,1,5,20-24,255
2012,1,4,20-24,183
2012,1,3,20-24,171
2012,1,2,20-24,127
2012,1,1,20-24,107
2013,1,5,20-24,208
2013,1,4,20-24,183
2013,1,3,20-24,169
2013,1,2,20-24,149
2013,1,1,20-24,109
2002,2,5,20-24,130
2002,2,4,20-24,102
2002,2,3,20-24,82
2002,2,2,20-24,69
2002,2,1,20-24,49
2003,2,5,20-24,141
2003,2,4,20-24,97
2003,2,3,20-24,75
2003,2,2,20-24,80
2003,2,1,20-24,51
2004,2,5,20-24,163
2004,2,4,20-24,103
2004,2,3,20-24,79
2004,2,2,20-24,60
2004,2,1,20-24,63
2005,2,5,20-24,130
2005,2,4,20-24,102
2005,2,3,20-24,86
2005,2,2,20-24,72
2005,2,1,20-24,58
2006,2,5,20-24,111
2006,2,4,20-24,98
2006,2,3,20-24,75
2006,2,2,20-24,71
2006,2,1,20-24,58
2007,2,5,20-24,141
2007,2,4,20-24,88
2007,2,3,20-24,75
2007,2,2,20-24,67
2007,2,1,20-24,56
2008,2,5,20-24,144
2008,2,4,20-24,92
2008,2,3,20-24,76
2008,2,2,20-24,68
2008,2,1,20-24,47
2009,2,5,20-24,127
2009,2,4,20-24,95
2009,2,3,20-24,68
2009,2,2,20-24,52
2009,2,1,20-24,54
2010,2,5,20-24,121
2010,2,4,20-24,75
2010,2,3,20-24,77
2010,2,2,20-24,55
2010,2,1,20-24,39
2011,2,5,20-24,129
2011,2,4,20-24,102
2011,2,3,20-24,66
2011,2,2,20-24,56
2011,2,1,20-24,44
2012,2,5,20-24,94
2012,2,4,20-24,84
2012,2,3,20-24,70
2012,2,2,20-24,59
2012,2,1,20-24,41
2013,2,5,20-24,114
2013,2,4,20-24,79
2013,2,3,20-24,65
2013,2,2,20-24,67
2013,2,1,20-24,38
2002,1,5,25-29,468
2002,1,4,25-29,372
2002,1,3,25-29,270
2002,1,2,25-29,201
2002,1,1,25-29,132
2003,1,5,25-29,417
2003,1,4,25-29,315
2003,1,3,25-29,222
2003,1,2,25-29,185
2003,1,1,25-29,128
2004,1,5,25-29,451
2004,1,4,25-29,291
2004,1,3,25-29,224
2004,1,2,25-29,183
2004,1,1,25-29,125
2005,1,5,25-29,416
2005,1,4,25-29,266
2005,1,3,25-29,214
2005,1,2,25-29,141
2005,1,1,25-29,153
2006,1,5,25-29,396
2006,1,4,25-29,294
2006,1,3,25-29,230
2006,1,2,25-29,166
2006,1,1,25-29,151
2007,1,5,25-29,432
2007,1,4,25-29,311
2007,1,3,25-29,229
2007,1,2,25-29,166
2007,1,1,25-29,115
2008,1,5,25-29,442
2008,1,4,25-29,330
2008,1,3,25-29,223
2008,1,2,25-29,161
2008,1,1,25-29,122
2009,1,5,25-29,456
2009,1,4,25-29,313
2009,1,3,25-29,193
2009,1,2,25-29,182
2009,1,1,25-29,123
2010,1,5,25-29,389
2010,1,4,25-29,282
2010,1,3,25-29,208
2010,1,2,25-29,140
2010,1,1,25-29,117
2011,1,5,25-29,396
2011,1,4,25-29,227
2011,1,3,25-29,202
2011,1,2,25-29,134
2011,1,1,25-29,114
2012,1,5,25-29,355
2012,1,4,25-29,238
2012,1,3,25-29,194
2012,1,2,25-29,123
2012,1,1,25-29,99
2013,1,5,25-29,358
2013,1,4,25-29,266
2013,1,3,25-29,185
2013,1,2,25-29,144
2013,1,1,25-29,104
2002,2,5,25-29,179
2002,2,4,25-29,118
2002,2,3,25-29,105
2002,2,2,25-29,81
2002,2,1,25-29,70
2003,2,5,25-29,178
2003,2,4,25-29,142
2003,2,3,25-29,103
2003,2,2,25-29,84
2003,2,1,25-29,66
2004,2,5,25-29,167
2004,2,4,25-29,142
2004,2,3,25-29,103
2004,2,2,25-29,65
2004,2,1,25-29,67
2005,2,5,25-29,168
2005,2,4,25-29,148
2005,2,3,25-29,84
2005,2,2,25-29,82
2005,2,1,25-29,67
2006,2,5,25-29,187
2006,2,4,25-29,124
2006,2,3,25-29,89
2006,2,2,25-29,82
2006,2,1,25-29,65
2007,2,5,25-29,170
2007,2,4,25-29,127
2007,2,3,25-29,89
2007,2,2,25-29,61
2007,2,1,25-29,56
2008,2,5,25-29,189
2008,2,4,25-29,133
2008,2,3,25-29,89
2008,2,2,25-29,63
2008,2,1,25-29,68
2009,2,5,25-29,203
2009,2,4,25-29,127
2009,2,3,25-29,107
2009,2,2,25-29,72
2009,2,1,25-29,60
2010,2,5,25-29,164
2010,2,4,25-29,124
2010,2,3,25-29,97
2010,2,2,25-29,76
2010,2,1,25-29,60
2011,2,5,25-29,191
2011,2,4,25-29,114
2011,2,3,25-29,92
2011,2,2,25-29,72
2011,2,1,25-29,64
2012,2,5,25-29,144
2012,2,4,25-29,127
2012,2,3,25-29,84
2012,2,2,25-29,63
2012,2,1,25-29,52
2013,2,5,25-29,179
2013,2,4,25-29,119
2013,2,3,25-29,95
2013,2,2,25-29,62
2013,2,1,25-29,59
2002,1,5,30-34,700
2002,1,4,30-34,428
2002,1,3,30-34,392
2002,1,2,30-34,255
2002,1,1,30-34,208
2003,1,5,30-34,714
2003,1,4,30-34,476
2003,1,3,30-34,294
2003,1,2,30-34,260
2003,1,1,30-34,187
2004,1,5,30-34,614
2004,1,4,30-34,428
2004,1,3,30-34,312
2004,1,2,30-34,242
2004,1,1,30-34,174
2005,1,5,30-34,613
2005,1,4,30-34,421
2005,1,3,30-34,283
2005,1,2,30-34,225
2005,1,1,30-34,200
2006,1,5,30-34,599
2006,1,4,30-34,387
2006,1,3,30-34,262
2006,1,2,30-34,217
2006,1,1,30-34,200
2007,1,5,30-34,612
2007,1,4,30-34,371
2007,1,3,30-34,292
2007,1,2,30-34,211
2007,1,1,30-34,154
2008,1,5,30-34,583
2008,1,4,30-34,372
2008,1,3,30-34,267
2008,1,2,30-34,207
2008,1,1,30-34,154
2009,1,5,30-34,552
2009,1,4,30-34,325
2009,1,3,30-34,239
2009,1,2,30-34,207
2009,1,1,30-34,162
2010,1,5,30-34,512
2010,1,4,30-34,352
2010,1,3,30-34,241
2010,1,2,30-34,213
2010,1,1,30-34,140
2011,1,5,30-34,487
2011,1,4,30-34,313
2011,1,3,30-34,255
2011,1,2,30-34,168
2011,1,1,30-34,135
2012,1,5,30-34,464
2012,1,4,30-34,332
2012,1,3,30-34,227
2012,1,2,30-34,167
2012,1,1,30-34,118
2013,1,5,30-34,468
2013,1,4,30-34,356
2013,1,3,30-34,243
2013,1,2,30-34,189
2013,1,1,30-34,145
2002,2,5,30-34,322
2002,2,4,30-34,206
2002,2,3,30-34,173
2002,2,2,30-34,128
2002,2,1,30-34,118
2003,2,5,30-34,311
2003,2,4,30-34,215
2003,2,3,30-34,157
2003,2,2,30-34,147
2003,2,1,30-34,123
2004,2,5,30-34,282
2004,2,4,30-34,196
2004,2,3,30-34,158
2004,2,2,30-34,147
2004,2,1,30-34,98
2005,2,5,30-34,286
2005,2,4,30-34,211
2005,2,3,30-34,136
2005,2,2,30-34,107
2005,2,1,30-34,100
2006,2,5,30-34,252
2006,2,4,30-34,178
2006,2,3,30-34,136
2006,2,2,30-34,117
2006,2,1,30-34,71
2007,2,5,30-34,247
2007,2,4,30-34,166
2007,2,3,30-34,129
2007,2,2,30-34,120
2007,2,1,30-34,93
2008,2,5,30-34,255
2008,2,4,30-34,182
2008,2,3,30-34,147
2008,2,2,30-34,124
2008,2,1,30-34,99
2009,2,5,30-34,246
2009,2,4,30-34,187
2009,2,3,30-34,141
2009,2,2,30-34,81
2009,2,1,30-34,88
2010,2,5,30-34,258
2010,2,4,30-34,148
2010,2,3,30-34,132
2010,2,2,30-34,108
2010,2,1,30-34,71
2011,2,5,30-34,284
2011,2,4,30-34,178
2011,2,3,30-34,127
2011,2,2,30-34,92
2011,2,1,30-34,90
2012,2,5,30-34,244
2012,2,4,30-34,171
2012,2,3,30-34,113
2012,2,2,30-34,104
2012,2,1,30-34,91
2013,2,5,30-34,264
2013,2,4,30-34,191
2013,2,3,30-34,137
2013,2,2,30-34,96
2013,2,1,30-34,88
2002,1,5,35-39,896
2002,1,4,35-39,590
2002,1,3,35-39,428
2002,1,2,35-39,382
2002,1,1,35-39,253
2003,1,5,35-39,845
2003,1,4,35-39,642
2003,1,3,35-39,444
2003,1,2,35-39,340
2003,1,1,35-39,267
2004,1,5,35-39,882
2004,1,4,35-39,601
2004,1,3,35-39,441
2004,1,2,35-39,344
2004,1,1,35-39,277
2005,1,5,35-39,809
2005,1,4,35-39,626
2005,1,3,35-39,440
2005,1,2,35-39,332
2005,1,1,35-39,266
2006,1,5,35-39,902
2006,1,4,35-39,586
2006,1,3,35-39,435
2006,1,2,35-39,285
2006,1,1,35-39,246
2007,1,5,35-39,876
2007,1,4,35-39,560
2007,1,3,35-39,391
2007,1,2,35-39,326
2007,1,1,35-39,228
2008,1,5,35-39,896
2008,1,4,35-39,582
2008,1,3,35-39,394
2008,1,2,35-39,334
2008,1,1,35-39,280
2009,1,5,35-39,861
2009,1,4,35-39,587
2009,1,3,35-39,393
2009,1,2,35-39,349
2009,1,1,35-39,232
2010,1,5,35-39,756
2010,1,4,35-39,536
2010,1,3,35-39,379
2010,1,2,35-39,256
2010,1,1,35-39,243
2011,1,5,35-39,684
2011,1,4,35-39,477
2011,1,3,35-39,365
2011,1,2,35-39,265
2011,1,1,35-39,236
2012,1,5,35-39,634
2012,1,4,35-39,430
2012,1,3,35-39,330
2012,1,2,35-39,225
2012,1,1,35-39,178
2013,1,5,35-39,707
2013,1,4,35-39,451
2013,1,3,35-39,338
2013,1,2,35-39,233
2013,1,1,35-39,214
2002,2,5,35-39,473
2002,2,4,35-39,331
2002,2,3,35-39,224
2002,2,2,35-39,214
2002,2,1,35-39,187
2003,2,5,35-39,398
2003,2,4,35-39,373
2003,2,3,35-39,241
2003,2,2,35-39,223
2003,2,1,35-39,211
2004,2,5,35-39,464
2004,2,4,35-39,348
2004,2,3,35-39,265
2004,2,2,35-39,210
2004,2,1,35-39,193
2005,2,5,35-39,417
2005,2,4,35-39,315
2005,2,3,35-39,256
2005,2,2,35-39,205
2005,2,1,35-39,184
2006,2,5,35-39,387
2006,2,4,35-39,315
2006,2,3,35-39,273
2006,2,2,35-39,232
2006,2,1,35-39,173
2007,2,5,35-39,439
2007,2,4,35-39,291
2007,2,3,35-39,220
2007,2,2,35-39,189
2007,2,1,35-39,181
2008,2,5,35-39,431
2008,2,4,35-39,299
2008,2,3,35-39,217
2008,2,2,35-39,188
2008,2,1,35-39,187
2009,2,5,35-39,405
2009,2,4,35-39,297
2009,2,3,35-39,216
2009,2,2,35-39,179
2009,2,1,35-39,157
2010,2,5,35-39,373
2010,2,4,35-39,299
2010,2,3,35-39,232
2010,2,2,35-39,206
2010,2,1,35-39,182
2011,2,5,35-39,348
2011,2,4,35-39,269
2011,2,3,35-39,213
2011,2,2,35-39,159
2011,2,1,35-39,144
2012,2,5,35-39,363
2012,2,4,35-39,241
2012,2,3,35-39,187
2012,2,2,35-39,149
2012,2,1,35-39,142
2013,2,5,35-39,337
2013,2,4,35-39,269
2013,2,3,35-39,193
2013,2,2,35-39,158
2013,2,1,35-39,145
2002,1,5,40-44,1087
2002,1,4,40-44,813
2002,1,3,40-44,577
2002,1,2,40-44,448
2002,1,1,40-44,375
2003,1,5,40-44,1168
2003,1,4,40-44,791
2003,1,3,40-44,628
2003,1,2,40-44,473
2003,1,1,40-44,420
2004,1,5,40-44,1206
2004,1,4,40-44,762
2004,1,3,40-44,585
2004,1,2,40-44,478
2004,1,1,40-44,375
2005,1,5,40-44,1233
2005,1,4,40-44,803
2005,1,3,40-44,580
2005,1,2,40-44,497
2005,1,1,40-44,377
2006,1,5,40-44,1205
2006,1,4,40-44,798
2006,1,3,40-44,609
2006,1,2,40-44,439
2006,1,1,40-44,400
2007,1,5,40-44,1212
2007,1,4,40-44,784
2007,1,3,40-44,586
2007,1,2,40-44,437
2007,1,1,40-44,404
2008,1,5,40-44,1201
2008,1,4,40-44,861
2008,1,3,40-44,620
2008,1,2,40-44,465
2008,1,1,40-44,369
2009,1,5,40-44,1285
2009,1,4,40-44,821
2009,1,3,40-44,620
2009,1,2,40-44,499
2009,1,1,40-44,396
2010,1,5,40-44,1140
2010,1,4,40-44,777
2010,1,3,40-44,599
2010,1,2,40-44,503
2010,1,1,40-44,413
2011,1,5,40-44,1154
2011,1,4,40-44,780
2011,1,3,40-44,561
2011,1,2,40-44,444
2011,1,1,40-44,336
2012,1,5,40-44,1108
2012,1,4,40-44,737
2012,1,3,40-44,509
2012,1,2,40-44,432
2012,1,1,40-44,342
2013,1,5,40-44,1093
2013,1,4,40-44,720
2013,1,3,40-44,577
2013,1,2,40-44,451
2013,1,1,40-44,326
2002,2,5,40-44,564
2002,2,4,40-44,443
2002,2,3,40-44,431
2002,2,2,40-44,360
2002,2,1,40-44,303
2003,2,5,40-44,622
2003,2,4,40-44,485
2003,2,3,40-44,438
2003,2,2,40-44,355
2003,2,1,40-44,293
2004,2,5,40-44,594
2004,2,4,40-44,483
2004,2,3,40-44,382
2004,2,2,40-44,353
2004,2,1,40-44,301
2005,2,5,40-44,649
2005,2,4,40-44,457
2005,2,3,40-44,406
2005,2,2,40-44,360
2005,2,1,40-44,321
2006,2,5,40-44,633
2006,2,4,40-44,478
2006,2,3,40-44,411
2006,2,2,40-44,334
2006,2,1,40-44,325
2007,2,5,40-44,630
2007,2,4,40-44,518
2007,2,3,40-44,435
2007,2,2,40-44,352
2007,2,1,40-44,284
2008,2,5,40-44,699
2008,2,4,40-44,523
2008,2,3,40-44,386
2008,2,2,40-44,340
2008,2,1,40-44,306
2009,2,5,40-44,658
2009,2,4,40-44,451
2009,2,3,40-44,402
2009,2,2,40-44,344
2009,2,1,40-44,302
2010,2,5,40-44,639
2010,2,4,40-44,468
2010,2,3,40-44,410
2010,2,2,40-44,326
2010,2,1,40-44,289
2011,2,5,40-44,620
2011,2,4,40-44,468
2011,2,3,40-44,378
2011,2,2,40-44,327
2011,2,1,40-44,254
2012,2,5,40-44,558
2012,2,4,40-44,435
2012,2,3,40-44,356
2012,2,2,40-44,291
2012,2,1,40-44,255
2013,2,5,40-44,623
2013,2,4,40-44,462
2013,2,3,40-44,319
2013,2,2,40-44,299
2013,2,1,40-44,257
2002,1,5,45-49,1560
2002,1,4,45-49,1064
2002,1,3,45-49,849
2002,1,2,45-49,708
2002,1,1,45-49,597
2003,1,5,45-49,1474
2003,1,4,45-49,1022
2003,1,3,45-49,876
2003,1,2,45-49,689
2003,1,1,45-49,573
2004,1,5,45-49,1498
2004,1,4,45-49,1015
2004,1,3,45-49,789
2004,1,2,45-49,674
2004,1,1,45-49,573
2005,1,5,45-49,1544
2005,1,4,45-49,1040
2005,1,3,45-49,856
2005,1,2,45-49,721
2005,1,1,45-49,557
2006,1,5,45-49,1548
2006,1,4,45-49,1048
2006,1,3,45-49,862
2006,1,2,45-49,666
2006,1,1,45-49,552
2007,1,5,45-49,1483
2007,1,4,45-49,1122
2007,1,3,45-49,758
2007,1,2,45-49,678
2007,1,1,45-49,529
2008,1,5,45-49,1622
2008,1,4,45-49,1097
2008,1,3,45-49,839
2008,1,2,45-49,712
2008,1,1,45-49,591
2009,1,5,45-49,1507
2009,1,4,45-49,1112
2009,1,3,45-49,894
2009,1,2,45-49,691
2009,1,1,45-49,573
2010,1,5,45-49,1547
2010,1,4,45-49,1128
2010,1,3,45-49,881
2010,1,2,45-49,672
2010,1,1,45-49,546
2011,1,5,45-49,1498
2011,1,4,45-49,1086
2011,1,3,45-49,841
2011,1,2,45-49,660
2011,1,1,45-49,572
2012,1,5,45-49,1507
2012,1,4,45-49,1088
2012,1,3,45-49,820
2012,1,2,45-49,671
2012,1,1,45-49,552
2013,1,5,45-49,1538
2013,1,4,45-49,1091
2013,1,3,45-49,826
2013,1,2,45-49,717
2013,1,1,45-49,532
2002,2,5,45-49,897
2002,2,4,45-49,699
2002,2,3,45-49,571
2002,2,2,45-49,548
2002,2,1,45-49,467
2003,2,5,45-49,878
2003,2,4,45-49,744
2003,2,3,45-49,543
2003,2,2,45-49,541
2003,2,1,45-49,436
2004,2,5,45-49,854
2004,2,4,45-49,664
2004,2,3,45-49,595
2004,2,2,45-49,499
2004,2,1,45-49,465
2005,2,5,45-49,831
2005,2,4,45-49,684
2005,2,3,45-49,577
2005,2,2,45-49,534
2005,2,1,45-49,465
2006,2,5,45-49,925
2006,2,4,45-49,627
2006,2,3,45-49,563
2006,2,2,45-49,538
2006,2,1,45-49,470
2007,2,5,45-49,876
2007,2,4,45-49,695
2007,2,3,45-49,584
2007,2,2,45-49,526
2007,2,1,45-49,456
2008,2,5,45-49,892
2008,2,4,45-49,729
2008,2,3,45-49,604
2008,2,2,45-49,524
2008,2,1,45-49,431
2009,2,5,45-49,907
2009,2,4,45-49,682
2009,2,3,45-49,573
2009,2,2,45-49,490
2009,2,1,45-49,509
2010,2,5,45-49,908
2010,2,4,45-49,680
2010,2,3,45-49,585
2010,2,2,45-49,481
2010,2,1,45-49,462
2011,2,5,45-49,905
2011,2,4,45-49,697
2011,2,3,45-49,591
2011,2,2,45-49,485
2011,2,1,45-49,453
2012,2,5,45-49,865
2012,2,4,45-49,705
2012,2,3,45-49,586
2012,2,2,45-49,526
2012,2,1,45-49,453
2013,2,5,45-49,909
2013,2,4,45-49,653
2013,2,3,45-49,596
2013,2,2,45-49,489
2013,2,1,45-49,414
2002,1,5,50-54,2153
2002,1,4,50-54,1625
2002,1,3,50-54,1390
2002,1,2,50-54,1189
2002,1,1,50-54,992
2003,1,5,50-54,2203
2003,1,4,50-54,1569
2003,1,3,50-54,1335
2003,1,2,50-54,1128
2003,1,1,50-54,951
2004,1,5,50-54,2088
2004,1,4,50-54,1619
2004,1,3,50-54,1249
2004,1,2,50-54,1055
2004,1,1,50-54,969
2005,1,5,50-54,2017
2005,1,4,50-54,1478
2005,1,3,50-54,1265
2005,1,2,50-54,1004
2005,1,1,50-54,887
2006,1,5,50-54,2090
2006,1,4,50-54,1482
2006,1,3,50-54,1250
2006,1,2,50-54,1044
2006,1,1,50-54,846
2007,1,5,50-54,2032
2007,1,4,50-54,1471
2007,1,3,50-54,1161
2007,1,2,50-54,984
2007,1,1,50-54,834
2008,1,5,50-54,2082
2008,1,4,50-54,1424
2008,1,3,50-54,1147
2008,1,2,50-54,1008
2008,1,1,50-54,869
2009,1,5,50-54,2006
2009,1,4,50-54,1460
2009,1,3,50-54,1150
2009,1,2,50-54,960
2009,1,1,50-54,824
2010,1,5,50-54,1916
2010,1,4,50-54,1468
2010,1,3,50-54,1207
2010,1,2,50-54,1010
2010,1,1,50-54,847
2011,1,5,50-54,1963
2011,1,4,50-54,1461
2011,1,3,50-54,1205
2011,1,2,50-54,937
2011,1,1,50-54,860
2012,1,5,50-54,1926
2012,1,4,50-54,1403
2012,1,3,50-54,1160
2012,1,2,50-54,998
2012,1,1,50-54,793
2013,1,5,50-54,1920
2013,1,4,50-54,1498
2013,1,3,50-54,1218
2013,1,2,50-54,1002
2013,1,1,50-54,874
2002,2,5,50-54,1223
2002,2,4,50-54,1024
2002,2,3,50-54,948
2002,2,2,50-54,882
2002,2,1,50-54,859
2003,2,5,50-54,1265
2003,2,4,50-54,1039
2003,2,3,50-54,904
2003,2,2,50-54,813
2003,2,1,50-54,812
2004,2,5,50-54,1183
2004,2,4,50-54,969
2004,2,3,50-54,883
2004,2,2,50-54,799
2004,2,1,50-54,676
2005,2,5,50-54,1224
2005,2,4,50-54,986
2005,2,3,50-54,849
2005,2,2,50-54,799
2005,2,1,50-54,682
2006,2,5,50-54,1183
2006,2,4,50-54,945
2006,2,3,50-54,827
2006,2,2,50-54,725
2006,2,1,50-54,746
2007,2,5,50-54,1170
2007,2,4,50-54,944
2007,2,3,50-54,822
2007,2,2,50-54,756
2007,2,1,50-54,699
2008,2,5,50-54,1237
2008,2,4,50-54,965
2008,2,3,50-54,887
2008,2,2,50-54,768
2008,2,1,50-54,671
2009,2,5,50-54,1151
2009,2,4,50-54,979
2009,2,3,50-54,771
2009,2,2,50-54,732
2009,2,1,50-54,688
2010,2,5,50-54,1234
2010,2,4,50-54,989
2010,2,3,50-54,847
2010,2,2,50-54,752
2010,2,1,50-54,657
2011,2,5,50-54,1217
2011,2,4,50-54,962
2011,2,3,50-54,846
2011,2,2,50-54,698
2011,2,1,50-54,666
2012,2,5,50-54,1191
2012,2,4,50-54,960
2012,2,3,50-54,860
2012,2,2,50-54,782
2012,2,1,50-54,622
2013,2,5,50-54,1211
2013,2,4,50-54,979
2013,2,3,50-54,895
2013,2,2,50-54,753
2013,2,1,50-54,602
2002,1,5,55-59,3029
2002,1,4,55-59,2368
2002,1,3,55-59,2155
2002,1,2,55-59,1881
2002,1,1,55-59,1678
2003,1,5,55-59,3148
2003,1,4,55-59,2477
2003,1,3,55-59,2214
2003,1,2,55-59,2024
2003,1,1,55-59,1673
2004,1,5,55-59,2996
2004,1,4,55-59,2278
2004,1,3,55-59,2134
2004,1,2,55-59,1882
2004,1,1,55-59,1581
2005,1,5,55-59,2937
2005,1,4,55-59,2385
2005,1,3,55-59,2095
2005,1,2,55-59,1915
2005,1,1,55-59,1596
2006,1,5,55-59,3072
2006,1,4,55-59,2427
2006,1,3,55-59,2108
2006,1,2,55-59,1851
2006,1,1,55-59,1548
2007,1,5,55-59,2977
2007,1,4,55-59,2206
2007,1,3,55-59,1993
2007,1,2,55-59,1797
2007,1,1,55-59,1505
2008,1,5,55-59,2845
2008,1,4,55-59,2193
2008,1,3,55-59,1833
2008,1,2,55-59,1637
2008,1,1,55-59,1337
2009,1,5,55-59,2791
2009,1,4,55-59,2090
2009,1,3,55-59,1856
2009,1,2,55-59,1633
2009,1,1,55-59,1322
2010,1,5,55-59,2677
2010,1,4,55-59,2106
2010,1,3,55-59,1792
2010,1,2,55-59,1476
2010,1,1,55-59,1289
2011,1,5,55-59,2587
2011,1,4,55-59,2038
2011,1,3,55-59,1765
2011,1,2,55-59,1448
2011,1,1,55-59,1239
2012,1,5,55-59,2480
2012,1,4,55-59,1976
2012,1,3,55-59,1674
2012,1,2,55-59,1433
2012,1,1,55-59,1193
2013,1,5,55-59,2579
2013,1,4,55-59,2011
2013,1,3,55-59,1660
2013,1,2,55-59,1491
2013,1,1,55-59,1237
2002,2,5,55-59,1711
2002,2,4,55-59,1468
2002,2,3,55-59,1401
2002,2,2,55-59,1349
2002,2,1,55-59,1219
2003,2,5,55-59,1749
2003,2,4,55-59,1537
2003,2,3,55-59,1484
2003,2,2,55-59,1395
2003,2,1,55-59,1255
2004,2,5,55-59,1751
2004,2,4,55-59,1541
2004,2,3,55-59,1489
2004,2,2,55-59,1292
2004,2,1,55-59,1227
2005,2,5,55-59,1794
2005,2,4,55-59,1507
2005,2,3,55-59,1468
2005,2,2,55-59,1381
2005,2,1,55-59,1188
2006,2,5,55-59,1771
2006,2,4,55-59,1544
2006,2,3,55-59,1381
2006,2,2,55-59,1328
2006,2,1,55-59,1204
2007,2,5,55-59,1716
2007,2,4,55-59,1336
2007,2,3,55-59,1361
2007,2,2,55-59,1345
2007,2,1,55-59,1073
2008,2,5,55-59,1701
2008,2,4,55-59,1417
2008,2,3,55-59,1216
2008,2,2,55-59,1159
2008,2,1,55-59,1076
2009,2,5,55-59,1632
2009,2,4,55-59,1328
2009,2,3,55-59,1237
2009,2,2,55-59,1221
2009,2,1,55-59,980
2010,2,5,55-59,1634
2010,2,4,55-59,1328
2010,2,3,55-59,1197
2010,2,2,55-59,1142
2010,2,1,55-59,993
2011,2,5,55-59,1525
2011,2,4,55-59,1307
2011,2,3,55-59,1237
2011,2,2,55-59,1029
2011,2,1,55-59,941
2012,2,5,55-59,1597
2012,2,4,55-59,1353
2012,2,3,55-59,1241
2012,2,2,55-59,1107
2012,2,1,55-59,918
2013,2,5,55-59,1624
2013,2,4,55-59,1319
2013,2,3,55-59,1240
2013,2,2,55-59,1086
2013,2,1,55-59,855
2002,1,5,60-64,4063
2002,1,4,60-64,3248
2002,1,3,60-64,2900
2002,1,2,60-64,2539
2002,1,1,60-64,2032
2003,1,5,60-64,4059
2003,1,4,60-64,3158
2003,1,3,60-64,2854
2003,1,2,60-64,2584
2003,1,1,60-64,2161
2004,1,5,60-64,3818
2004,1,4,60-64,2991
2004,1,3,60-64,2891
2004,1,2,60-64,2539
2004,1,1,60-64,2102
2005,1,5,60-64,3880
2005,1,4,60-64,3079
2005,1,3,60-64,2844
2005,1,2,60-64,2597
2005,1,1,60-64,2086
2006,1,5,60-64,3797
2006,1,4,60-64,3150
2006,1,3,60-64,2834
2006,1,2,60-64,2645
2006,1,1,60-64,2209
2007,1,5,60-64,3948
2007,1,4,60-64,3182
2007,1,3,60-64,3034
2007,1,2,60-64,2682
2007,1,1,60-64,2228
2008,1,5,60-64,4020
2008,1,4,60-64,3232
2008,1,3,60-64,3075
2008,1,2,60-64,2776
2008,1,1,60-64,2305
2009,1,5,60-64,3918
2009,1,4,60-64,3115
2009,1,3,60-64,2998
2009,1,2,60-64,2776
2009,1,1,60-64,2253
2010,1,5,60-64,3940
2010,1,4,60-64,3272
2010,1,3,60-64,2999
2010,1,2,60-64,2710
2010,1,1,60-64,2331
2011,1,5,60-64,3711
2011,1,4,60-64,3230
2011,1,3,60-64,2920
2011,1,2,60-64,2596
2011,1,1,60-64,2206
2012,1,5,60-64,3645
2012,1,4,60-64,2962
2012,1,3,60-64,2784
2012,1,2,60-64,2408
2012,1,1,60-64,2066
2013,1,5,60-64,3662
2013,1,4,60-64,2986
2013,1,3,60-64,2701
2013,1,2,60-64,2400
2013,1,1,60-64,1917
2002,2,5,60-64,2408
2002,2,4,60-64,2013
2002,2,3,60-64,1846
2002,2,2,60-64,1741
2002,2,1,60-64,1408
2003,2,5,60-64,2376
2003,2,4,60-64,1929
2003,2,3,60-64,1824
2003,2,2,60-64,1677
2003,2,1,60-64,1458
2004,2,5,60-64,2280
2004,2,4,60-64,1885
2004,2,3,60-64,1881
2004,2,2,60-64,1644
2004,2,1,60-64,1459
2005,2,5,60-64,2191
2005,2,4,60-64,1935
2005,2,3,60-64,1772
2005,2,2,60-64,1806
2005,2,1,60-64,1469
2006,2,5,60-64,2222
2006,2,4,60-64,2020
2006,2,3,60-64,1851
2006,2,2,60-64,1779
2006,2,1,60-64,1539
2007,2,5,60-64,2394
2007,2,4,60-64,2038
2007,2,3,60-64,2058
2007,2,2,60-64,1932
2007,2,1,60-64,1630
2008,2,5,60-64,2462
2008,2,4,60-64,2121
2008,2,3,60-64,2049
2008,2,2,60-64,1932
2008,2,1,60-64,1727
2009,2,5,60-64,2344
2009,2,4,60-64,2095
2009,2,3,60-64,1946
2009,2,2,60-64,1996
2009,2,1,60-64,1677
2010,2,5,60-64,2387
2010,2,4,60-64,2100
2010,2,3,60-64,2105
2010,2,2,60-64,1877
2010,2,1,60-64,1574
2011,2,5,60-64,2365
2011,2,4,60-64,2079
2011,2,3,60-64,2006
2011,2,2,60-64,1923
2011,2,1,60-64,1614
2012,2,5,60-64,2267
2012,2,4,60-64,2026
2012,2,3,60-64,1904
2012,2,2,60-64,1734
2012,2,1,60-64,1524
2013,2,5,60-64,2232
2013,2,4,60-64,2020
2013,2,3,60-64,1821
2013,2,2,60-64,1607
2013,2,1,60-64,1425
2002,1,5,65-69,5636
2002,1,4,65-69,4569
2002,1,3,65-69,4127
2002,1,2,65-69,3905
2002,1,1,65-69,3205
2003,1,5,65-69,5529
2003,1,4,65-69,4431
2003,1,3,65-69,4116
2003,1,2,65-69,3850
2003,1,1,65-69,3234
2004,1,5,65-69,5429
2004,1,4,65-69,4294
2004,1,3,65-69,3922
2004,1,2,65-69,3824
2004,1,1,65-69,3116
2005,1,5,65-69,5157
2005,1,4,65-69,4151
2005,1,3,65-69,3880
2005,1,2,65-69,3609
2005,1,1,65-69,2974
2006,1,5,65-69,4979
2006,1,4,65-69,4113
2006,1,3,65-69,3827
2006,1,2,65-69,3503
2006,1,1,65-69,2762
2007,1,5,65-69,4864
2007,1,4,65-69,3973
2007,1,3,65-69,3818
2007,1,2,65-69,3448
2007,1,1,65-69,2850
2008,1,5,65-69,4758
2008,1,4,65-69,3965
2008,1,3,65-69,3713
2008,1,2,65-69,3419
2008,1,1,65-69,2831
2009,1,5,65-69,4540
2009,1,4,65-69,3885
2009,1,3,65-69,3671
2009,1,2,65-69,3351
2009,1,1,65-69,2856
2010,1,5,65-69,4516
2010,1,4,65-69,3830
2010,1,3,65-69,3701
2010,1,2,65-69,3536
2010,1,1,65-69,2990
2011,1,5,65-69,4432
2011,1,4,65-69,3749
2011,1,3,65-69,3727
2011,1,2,65-69,3605
2011,1,1,65-69,2967
2012,1,5,65-69,4561
2012,1,4,65-69,4135
2012,1,3,65-69,4090
2012,1,2,65-69,3742
2012,1,1,65-69,3098
2013,1,5,65-69,4741
2013,1,4,65-69,4136
2013,1,3,65-69,4151
2013,1,2,65-69,3837
2013,1,1,65-69,3289
2002,2,5,65-69,3598
2002,2,4,65-69,2934
2002,2,3,65-69,2708
2002,2,2,65-69,2531
2002,2,1,65-69,2041
2003,2,5,65-69,3516
2003,2,4,65-69,3043
2003,2,3,65-69,2794
2003,2,2,65-69,2477
2003,2,1,65-69,2133
2004,2,5,65-69,3590
2004,2,4,65-69,2870
2004,2,3,65-69,2649
2004,2,2,65-69,2425
2004,2,1,65-69,2065
2005,2,5,65-69,3381
2005,2,4,65-69,2919
2005,2,3,65-69,2690
2005,2,2,65-69,2467
2005,2,1,65-69,2035
2006,2,5,65-69,3217
2006,2,4,65-69,2709
2006,2,3,65-69,2541
2006,2,2,65-69,2408
2006,2,1,65-69,1957
2007,2,5,65-69,3116
2007,2,4,65-69,2653
2007,2,3,65-69,2582
2007,2,2,65-69,2291
2007,2,1,65-69,1916
2008,2,5,65-69,3157
2008,2,4,65-69,2586
2008,2,3,65-69,2462
2008,2,2,65-69,2412
2008,2,1,65-69,1971
2009,2,5,65-69,2934
2009,2,4,65-69,2604
2009,2,3,65-69,2489
2009,2,2,65-69,2297
2009,2,1,65-69,1940
2010,2,5,65-69,2768
2010,2,4,65-69,2561
2010,2,3,65-69,2563
2010,2,2,65-69,2434
2010,2,1,65-69,2070
2011,2,5,65-69,2793
2011,2,4,65-69,2748
2011,2,3,65-69,2554
2011,2,2,65-69,2502
2011,2,1,65-69,2180
2012,2,5,65-69,3089
2012,2,4,65-69,2734
2012,2,3,65-69,2801
2012,2,2,65-69,2644
2012,2,1,65-69,2308
2013,2,5,65-69,3145
2013,2,4,65-69,2833
2013,2,3,65-69,2885
2013,2,2,65-69,2747
2013,2,1,65-69,2353
2002,1,5,70-74,7636
2002,1,4,70-74,6673
2002,1,3,70-74,6131
2002,1,2,70-74,5829
2002,1,1,70-74,5022
2003,1,5,70-74,7285
2003,1,4,70-74,6392
2003,1,3,70-74,6031
2003,1,2,70-74,5665
2003,1,1,70-74,4776
2004,1,5,70-74,6895
2004,1,4,70-74,6006
2004,1,3,70-74,5704
2004,1,2,70-74,5355
2004,1,1,70-74,4563
2005,1,5,70-74,6612
2005,1,4,70-74,5782
2005,1,3,70-74,5721
2005,1,2,70-74,5183
2005,1,1,70-74,4422
2006,1,5,70-74,6347
2006,1,4,70-74,5453
2006,1,3,70-74,5218
2006,1,2,70-74,5051
2006,1,1,70-74,4346
2007,1,5,70-74,6020
2007,1,4,70-74,5316
2007,1,3,70-74,5074
2007,1,2,70-74,4886
2007,1,1,70-74,4219
2008,1,5,70-74,6187
2008,1,4,70-74,5209
2008,1,3,70-74,5290
2008,1,2,70-74,4841
2008,1,1,70-74,4238
2009,1,5,70-74,5983
2009,1,4,70-74,5169
2009,1,3,70-74,4988
2009,1,2,70-74,4848
2009,1,1,70-74,4124
2010,1,5,70-74,5745
2010,1,4,70-74,5236
2010,1,3,70-74,5078
2010,1,2,70-74,4817
2010,1,1,70-74,4139
2011,1,5,70-74,5646
2011,1,4,70-74,5081
2011,1,3,70-74,4909
2011,1,2,70-74,4785
2011,1,1,70-74,3977
2012,1,5,70-74,5353
2012,1,4,70-74,5056
2012,1,3,70-74,5017
2012,1,2,70-74,4681
2012,1,1,70-74,3920
2013,1,5,70-74,5269
2013,1,4,70-74,5060
2013,1,3,70-74,5010
2013,1,2,70-74,4735
2013,1,1,70-74,4160
2002,2,5,70-74,5744
2002,2,4,70-74,5019
2002,2,3,70-74,4616
2002,2,2,70-74,4191
2002,2,1,70-74,3500
2003,2,5,70-74,5712
2003,2,4,70-74,4865
2003,2,3,70-74,4477
2003,2,2,70-74,3965
2003,2,1,70-74,3385
2004,2,5,70-74,5241
2004,2,4,70-74,4582
2004,2,3,70-74,4086
2004,2,2,70-74,3816
2004,2,1,70-74,3195
2005,2,5,70-74,4840
2005,2,4,70-74,4357
2005,2,3,70-74,4008
2005,2,2,70-74,3657
2005,2,1,70-74,3086
2006,2,5,70-74,4711
2006,2,4,70-74,4050
2006,2,3,70-74,3901
2006,2,2,70-74,3598
2006,2,1,70-74,3071
2007,2,5,70-74,4649
2007,2,4,70-74,3953
2007,2,3,70-74,3806
2007,2,2,70-74,3556
2007,2,1,70-74,2939
2008,2,5,70-74,4572
2008,2,4,70-74,3994
2008,2,3,70-74,3858
2008,2,2,70-74,3554
2008,2,1,70-74,2952
2009,2,5,70-74,4185
2009,2,4,70-74,4013
2009,2,3,70-74,3709
2009,2,2,70-74,3415
2009,2,1,70-74,2852
2010,2,5,70-74,4247
2010,2,4,70-74,3845
2010,2,3,70-74,3580
2010,2,2,70-74,3432
2010,2,1,70-74,2882
2011,2,5,70-74,4055
2011,2,4,70-74,3748
2011,2,3,70-74,3552
2011,2,2,70-74,3348
2011,2,1,70-74,2742
2012,2,5,70-74,4048
2012,2,4,70-74,3708
2012,2,3,70-74,3621
2012,2,2,70-74,3340
2012,2,1,70-74,2795
2013,2,5,70-74,3990
2013,2,4,70-74,3663
2013,2,3,70-74,3556
2013,2,2,70-74,3452
2013,2,1,70-74,2953
2002,1,5,75-79,9369
2002,1,4,75-79,8687
2002,1,3,75-79,8470
2002,1,2,75-79,7808
2002,1,1,75-79,6751
2003,1,5,75-79,8946
2003,1,4,75-79,8353
2003,1,3,75-79,8147
2003,1,2,75-79,7765
2003,1,1,75-79,6568
2004,1,5,75-79,8352
2004,1,4,75-79,7970
2004,1,3,75-79,7973
2004,1,2,75-79,7334
2004,1,1,75-79,6290
2005,1,5,75-79,7940
2005,1,4,75-79,7639
2005,1,3,75-79,7680
2005,1,2,75-79,7399
2005,1,1,75-79,6124
2006,1,5,75-79,7786
2006,1,4,75-79,7383
2006,1,3,75-79,7345
2006,1,2,75-79,7010
2006,1,1,75-79,6132
2007,1,5,75-79,7369
2007,1,4,75-79,7184
2007,1,3,75-79,7287
2007,1,2,75-79,7038
2007,1,1,75-79,6004
2008,1,5,75-79,7316
2008,1,4,75-79,7078
2008,1,3,75-79,7084
2008,1,2,75-79,6930
2008,1,1,75-79,6127
2009,1,5,75-79,7016
2009,1,4,75-79,6635
2009,1,3,75-79,6849
2009,1,2,75-79,6627
2009,1,1,75-79,5832
2010,1,5,75-79,6739
2010,1,4,75-79,6568
2010,1,3,75-79,6744
2010,1,2,75-79,6547
2010,1,1,75-79,5925
2011,1,5,75-79,6420
2011,1,4,75-79,6240
2011,1,3,75-79,6592
2011,1,2,75-79,6295
2011,1,1,75-79,5685
2012,1,5,75-79,6513
2012,1,4,75-79,6305
2012,1,3,75-79,6683
2012,1,2,75-79,6545
2012,1,1,75-79,5804
2013,1,5,75-79,6535
2013,1,4,75-79,6618
2013,1,3,75-79,6807
2013,1,2,75-79,6510
2013,1,1,75-79,5854
2002,2,5,75-79,8641
2002,2,4,75-79,7976
2002,2,3,75-79,7538
2002,2,2,75-79,6821
2002,2,1,75-79,5373
2003,2,5,75-79,8358
2003,2,4,75-79,7856
2003,2,3,75-79,7359
2003,2,2,75-79,6605
2003,2,1,75-79,5343
2004,2,5,75-79,7773
2004,2,4,75-79,7189
2004,2,3,75-79,6613
2004,2,2,75-79,6337
2004,2,1,75-79,5115
2005,2,5,75-79,7537
2005,2,4,75-79,7077
2005,2,3,75-79,6660
2005,2,2,75-79,5988
2005,2,1,75-79,5116
2006,2,5,75-79,7152
2006,2,4,75-79,6646
2006,2,3,75-79,6489
2006,2,2,75-79,5840
2006,2,1,75-79,4849
2007,2,5,75-79,6855
2007,2,4,75-79,6305
2007,2,3,75-79,6182
2007,2,2,75-79,5804
2007,2,1,75-79,4925
2008,2,5,75-79,6749
2008,2,4,75-79,6267
2008,2,3,75-79,6116
2008,2,2,75-79,5618
2008,2,1,75-79,4839
2009,2,5,75-79,6063
2009,2,4,75-79,5950
2009,2,3,75-79,5696
2009,2,2,75-79,5419
2009,2,1,75-79,4460
2010,2,5,75-79,5936
2010,2,4,75-79,5597
2010,2,3,75-79,5650
2010,2,2,75-79,5384
2010,2,1,75-79,4485
2011,2,5,75-79,5638
2011,2,4,75-79,5474
2011,2,3,75-79,5355
2011,2,2,75-79,5031
2011,2,1,75-79,4423
2012,2,5,75-79,5630
2012,2,4,75-79,5493
2012,2,3,75-79,5478
2012,2,2,75-79,5102
2012,2,1,75-79,4473
2013,2,5,75-79,5722
2013,2,4,75-79,5442
2013,2,3,75-79,5476
2013,2,2,75-79,5183
2013,2,1,75-79,4527
2002,1,5,80-84,8375
2002,1,4,80-84,8656
2002,1,3,80-84,8977
2002,1,2,80-84,8520
2002,1,1,80-84,7132
2003,1,5,80-84,8876
2003,1,4,80-84,9145
2003,1,3,80-84,9376
2003,1,2,80-84,8920
2003,1,1,80-84,7582
2004,1,5,80-84,8779
2004,1,4,80-84,8950
2004,1,3,80-84,9172
2004,1,2,80-84,9048
2004,1,1,80-84,7792
2005,1,5,80-84,8205
2005,1,4,80-84,8776
2005,1,3,80-84,9096
2005,1,2,80-84,8688
2005,1,1,80-84,7618
2006,1,5,80-84,8113
2006,1,4,80-84,8298
2006,1,3,80-84,8808
2006,1,2,80-84,8402
2006,1,1,80-84,7408
2007,1,5,80-84,7931
2007,1,4,80-84,8097
2007,1,3,80-84,8588
2007,1,2,80-84,8384
2007,1,1,80-84,7299
2008,1,5,80-84,7598
2008,1,4,80-84,8069
2008,1,3,80-84,8380
2008,1,2,80-84,8467
2008,1,1,80-84,7414
2009,1,5,80-84,7263
2009,1,4,80-84,7818
2009,1,3,80-84,8286
2009,1,2,80-84,8346
2009,1,1,80-84,7394
2010,1,5,80-84,7199
2010,1,4,80-84,7514
2010,1,3,80-84,8130
2010,1,2,80-84,8271
2010,1,1,80-84,7548
2011,1,5,80-84,6766
2011,1,4,80-84,7612
2011,1,3,80-84,8222
2011,1,2,80-84,8118
2011,1,1,80-84,7338
2012,1,5,80-84,7105
2012,1,4,80-84,7547
2012,1,3,80-84,8349
2012,1,2,80-84,8434
2012,1,1,80-84,7745
2013,1,5,80-84,7070
2013,1,4,80-84,7755
2013,1,3,80-84,8459
2013,1,2,80-84,8685
2013,1,1,80-84,7997
2002,2,5,80-84,10294
2002,2,4,80-84,10289
2002,2,3,80-84,10228
2002,2,2,80-84,9339
2002,2,1,80-84,7729
2003,2,5,80-84,11000
2003,2,4,80-84,11017
2003,2,3,80-84,10953
2003,2,2,80-84,9900
2003,2,1,80-84,8268
2004,2,5,80-84,10356
2004,2,4,80-84,10557
2004,2,3,80-84,10662
2004,2,2,80-84,9839
2004,2,1,80-84,8202
2005,2,5,80-84,10129
2005,2,4,80-84,10173
2005,2,3,80-84,10391
2005,2,2,80-84,9440
2005,2,1,80-84,8045
2006,2,5,80-84,9296
2006,2,4,80-84,9552
2006,2,3,80-84,9685
2006,2,2,80-84,9058
2006,2,1,80-84,7424
2007,2,5,80-84,9124
2007,2,4,80-84,9275
2007,2,3,80-84,9420
2007,2,2,80-84,8899
2007,2,1,80-84,7478
2008,2,5,80-84,8836
2008,2,4,80-84,8990
2008,2,3,80-84,9250
2008,2,2,80-84,8707
2008,2,1,80-84,7480
2009,2,5,80-84,8214
2009,2,4,80-84,8395
2009,2,3,80-84,8669
2009,2,2,80-84,8124
2009,2,1,80-84,7119
2010,2,5,80-84,7864
2010,2,4,80-84,8362
2010,2,3,80-84,8612
2010,2,2,80-84,8253
2010,2,1,80-84,7121
2011,2,5,80-84,7593
2011,2,4,80-84,8165
2011,2,3,80-84,8214
2011,2,2,80-84,8031
2011,2,1,80-84,6884
2012,2,5,80-84,7836
2012,2,4,80-84,8174
2012,2,3,80-84,8499
2012,2,2,80-84,8305
2012,2,1,80-84,7168
2013,2,5,80-84,7859
2013,2,4,80-84,8248
2013,2,3,80-84,8234
2013,2,2,80-84,8343
2013,2,1,80-84,7155
2002,1,5,85-89,5314
2002,1,4,85-89,6252
2002,1,3,85-89,6783
2002,1,2,85-89,6759
2002,1,1,85-89,5874
2003,1,5,85-89,5210
2003,1,4,85-89,6031
2003,1,3,85-89,6583
2003,1,2,85-89,6542
2003,1,1,85-89,5616
2004,1,5,85-89,4846
2004,1,4,85-89,5548
2004,1,3,85-89,6017
2004,1,2,85-89,6093
2004,1,1,85-89,5243
2005,1,5,85-89,5103
2005,1,4,85-89,5784
2005,1,3,85-89,6709
2005,1,2,85-89,6405
2005,1,1,85-89,5611
2006,1,5,85-89,5380
2006,1,4,85-89,6188
2006,1,3,85-89,6784
2006,1,2,85-89,6812
2006,1,1,85-89,5920
2007,1,5,85-89,5856
2007,1,4,85-89,6451
2007,1,3,85-89,7314
2007,1,2,85-89,7095
2007,1,1,85-89,6436
2008,1,5,85-89,6162
2008,1,4,85-89,6982
2008,1,3,85-89,7744
2008,1,2,85-89,7853
2008,1,1,85-89,6939
2009,1,5,85-89,6104
2009,1,4,85-89,7148
2009,1,3,85-89,7919
2009,1,2,85-89,7918
2009,1,1,85-89,7207
2010,1,5,85-89,5852
2010,1,4,85-89,7019
2010,1,3,85-89,7994
2010,1,2,85-89,7975
2010,1,1,85-89,7349
2011,1,5,85-89,5803
2011,1,4,85-89,6742
2011,1,3,85-89,7758
2011,1,2,85-89,7765
2011,1,1,85-89,7173
2012,1,5,85-89,5915
2012,1,4,85-89,6890
2012,1,3,85-89,8098
2012,1,2,85-89,8234
2012,1,1,85-89,7743
2013,1,5,85-89,6061
2013,1,4,85-89,7170
2013,1,3,85-89,8234
2013,1,2,85-89,8362
2013,1,1,85-89,7814
2002,2,5,85-89,9670
2002,2,4,85-89,10604
2002,2,3,85-89,11345
2002,2,2,85-89,11009
2002,2,1,85-89,9225
2003,2,5,85-89,9369
2003,2,4,85-89,10408
2003,2,3,85-89,11241
2003,2,2,85-89,10735
2003,2,1,85-89,8825
2004,2,5,85-89,8545
2004,2,4,85-89,9251
2004,2,3,85-89,10061
2004,2,2,85-89,9378
2004,2,1,85-89,7930
2005,2,5,85-89,8771
2005,2,4,85-89,9597
2005,2,3,85-89,10332
2005,2,2,85-89,9740
2005,2,1,85-89,8212
2006,2,5,85-89,8861
2006,2,4,85-89,9828
2006,2,3,85-89,10342
2006,2,2,85-89,9963
2006,2,1,85-89,8349
2007,2,5,85-89,9358
2007,2,4,85-89,10171
2007,2,3,85-89,11041
2007,2,2,85-89,10540
2007,2,1,85-89,8795
2008,2,5,85-89,9952
2008,2,4,85-89,10991
2008,2,3,85-89,11560
2008,2,2,85-89,11235
2008,2,1,85-89,9562
2009,2,5,85-89,9336
2009,2,4,85-89,10634
2009,2,3,85-89,11499
2009,2,2,85-89,11336
2009,2,1,85-89,9502
2010,2,5,85-89,9009
2010,2,4,85-89,10392
2010,2,3,85-89,11357
2010,2,2,85-89,11045
2010,2,1,85-89,9513
2011,2,5,85-89,8572
2011,2,4,85-89,9732
2011,2,3,85-89,10722
2011,2,2,85-89,10251
2011,2,1,85-89,9182
2012,2,5,85-89,8586
2012,2,4,85-89,10102
2012,2,3,85-89,10835
2012,2,2,85-89,10813
2012,2,1,85-89,9475
2013,2,5,85-89,8587
2013,2,4,85-89,9789
2013,2,3,85-89,11025
2013,2,2,85-89,10710
2013,2,1,85-89,9438
2002,1,5,90+,2854
2002,1,4,90+,3783
2002,1,3,90+,4498
2002,1,2,90+,4600
2002,1,1,90+,3944
2003,1,5,90+,3090
2003,1,4,90+,3964
2003,1,3,90+,4841
2003,1,2,90+,4776
2003,1,1,90+,4150
2004,1,5,90+,3093
2004,1,4,90+,3867
2004,1,3,90+,4662
2004,1,2,90+,4797
2004,1,1,90+,4105
2005,1,5,90+,3192
2005,1,4,90+,4072
2005,1,3,90+,4960
2005,1,2,90+,4932
2005,1,1,90+,4495
2006,1,5,90+,3223
2006,1,4,90+,4069
2006,1,3,90+,4894
2006,1,2,90+,5060
2006,1,1,90+,4528
2007,1,5,90+,3234
2007,1,4,90+,4090
2007,1,3,90+,5137
2007,1,2,90+,5070
2007,1,1,90+,4612
2008,1,5,90+,3188
2008,1,4,90+,4315
2008,1,3,90+,5037
2008,1,2,90+,5152
2008,1,1,90+,4730
2009,1,5,90+,3002
2009,1,4,90+,4131
2009,1,3,90+,5096
2009,1,2,90+,4987
2009,1,1,90+,4621
2010,1,5,90+,3338
2010,1,4,90+,4254
2010,1,3,90+,5474
2010,1,2,90+,5536
2010,1,1,90+,5046
2011,1,5,90+,3551
2011,1,4,90+,4596
2011,1,3,90+,5848
2011,1,2,90+,5844
2011,1,1,90+,5584
2012,1,5,90+,4019
2012,1,4,90+,5272
2012,1,3,90+,6504
2012,1,2,90+,6646
2012,1,1,90+,6123
2013,1,5,90+,4245
2013,1,4,90+,5437
2013,1,3,90+,6639
2013,1,2,90+,7116
2013,1,1,90+,6756
2002,2,5,90+,9409
2002,2,4,90+,11342
2002,2,3,90+,12869
2002,2,2,90+,12964
2002,2,1,90+,10931
2003,2,5,90+,10008
2003,2,4,90+,11909
2003,2,3,90+,13635
2003,2,2,90+,13435
2003,2,1,90+,11270
2004,2,5,90+,9337
2004,2,4,90+,11397
2004,2,3,90+,13088
2004,2,2,90+,12924
2004,2,1,90+,10753
2005,2,5,90+,9594
2005,2,4,90+,11817
2005,2,3,90+,13533
2005,2,2,90+,13324
2005,2,1,90+,11098
2006,2,5,90+,9357
2006,2,4,90+,11328
2006,2,3,90+,13283
2006,2,2,90+,12867
2006,2,1,90+,10904
2007,2,5,90+,9248
2007,2,4,90+,11572
2007,2,3,90+,13591
2007,2,2,90+,13104
2007,2,1,90+,11179
2008,2,5,90+,9281
2008,2,4,90+,11504
2008,2,3,90+,13441
2008,2,2,90+,13472
2008,2,1,90+,11453
2009,2,5,90+,8491
2009,2,4,90+,10749
2009,2,3,90+,12480
2009,2,2,90+,12374
2009,2,1,90+,10679
2010,2,5,90+,8950
2010,2,4,90+,11396
2010,2,3,90+,13493
2010,2,2,90+,13434
2010,2,1,90+,11316
2011,2,5,90+,9246
2011,2,4,90+,11529
2011,2,3,90+,13732
2011,2,2,90+,13666
2011,2,1,90+,11804
2012,2,5,90+,9876
2012,2,4,90+,12684
2012,2,3,90+,15047
2012,2,2,90+,14858
2012,2,1,90+,13164
2013,2,5,90+,10078
2013,2,4,90+,13093
2013,2,3,90+,15325
2013,2,2,90+,15468
2013,2,1,90+,13759
